"","genero","idade"
"1","F",35.2142857142857
"2","M",38.8103448275862
